{
    "descriptive_stats": {
        "year": {
            "count": 115.0,
            "mean": 2021.2347826086957,
            "std": 2.256882008367936,
            "min": 2018.0,
            "25%": 2019.0,
            "50%": 2021.0,
            "75%": 2023.0,
            "max": 2025.0
        },
        "quarter": {
            "count": 115.0,
            "mean": 2.4869565217391303,
            "std": 1.1189376022558997,
            "min": 1.0,
            "25%": 1.5,
            "50%": 2.0,
            "75%": 3.0,
            "max": 4.0
        },
        "irg": {
            "count": 115.0,
            "mean": 67.10695652173914,
            "std": 41.597420470250256,
            "min": 21.0,
            "25%": 31.0,
            "50%": 50.0,
            "75%": 97.5,
            "max": 205.0
        },
        "irg_index": {
            "count": 115.0,
            "mean": 0.1182608695652174,
            "std": 0.05914983753096011,
            "min": 0.05,
            "25%": 0.07,
            "50%": 0.1,
            "75%": 0.15,
            "max": 0.34
        },
        "iodine_radionuclides": {
            "count": 115.0,
            "mean": 85.11913043478262,
            "std": 85.67760142068715,
            "min": 15.0,
            "25%": 32.0,
            "50%": 64.0,
            "75%": 84.5,
            "max": 552.0
        },
        "iodine_radionuclides_index": {
            "count": 115.0,
            "mean": 0.009000000000000001,
            "std": 0.0,
            "min": 0.009000000000000001,
            "25%": 0.009000000000000001,
            "50%": 0.009000000000000001,
            "75%": 0.009000000000000001,
            "max": 0.009000000000000001
        },
        "stable_radionuclides": {
            "count": 115.0,
            "mean": 238.27565217391302,
            "std": 199.2939614895387,
            "min": 27.6,
            "25%": 39.0,
            "50%": 219.0,
            "75%": 296.5,
            "max": 754.0
        },
        "stable_radionuclides_index": {
            "count": 115.0,
            "mean": 0.03337391304347826,
            "std": 0.0239888354403011,
            "min": 0.009000000000000001,
            "25%": 0.009000000000000001,
            "50%": 0.03,
            "75%": 0.06,
            "max": 0.09
        },
        "cs_137_emission": {
            "count": 115.0,
            "mean": 237.29391304347826,
            "std": 356.3406472638906,
            "min": 11.2,
            "25%": 33.0,
            "50%": 89.0,
            "75%": 296.5,
            "max": 2115.0
        },
        "co_60_emission": {
            "count": 115.0,
            "mean": 320.064347826087,
            "std": 438.61839670526706,
            "min": 12.0,
            "25%": 50.0,
            "50%": 201.0,
            "75%": 412.5,
            "max": 3639.0
        },
        "cs_137_dump": {
            "count": 115.0,
            "mean": 3973.6608695652176,
            "std": 4778.517155828061,
            "min": 67.0,
            "25%": 578.0,
            "50%": 2109.0,
            "75%": 5220.5,
            "max": 20248.0
        },
        "volume": {
            "count": 115.0,
            "mean": 1025582.7391304348,
            "std": 1377303.3215340925,
            "min": 1480.0,
            "25%": 22235.0,
            "50%": 65840.0,
            "75%": 2627025.0,
            "max": 4469170.0
        },
        "index_radioactive_releas": {
            "count": 115.0,
            "mean": 1.0447304347826085,
            "std": 1.3396676094801128,
            "min": 0.07,
            "25%": 0.2,
            "50%": 0.6,
            "75%": 0.915,
            "max": 4.967
        },
        "index_dump": {
            "count": 115.0,
            "mean": 0.7663304347826086,
            "std": 0.8868908507156575,
            "min": 0.009000000000000001,
            "25%": 0.1275,
            "50%": 0.38,
            "75%": 1.1255,
            "max": 4.209
        }
    },
    "station_comparison": {
        "ЗАЕС": {
            "year": 2019.8947368421052,
            "quarter": 2.4210526315789473,
            "irg": 81.42105263157895,
            "irg_index": 0.1163157894736842,
            "iodine_radionuclides": 210.73684210526315,
            "iodine_radionuclides_index": 0.009000000000000001,
            "stable_radionuclides": 617.1578947368421,
            "stable_radionuclides_index": 0.03526315789473684,
            "cs_137_emission": 664.1578947368421,
            "co_60_emission": 418.36842105263156,
            "cs_137_dump": 5005.9473684210525,
            "volume": 824464.4210526316,
            "index_radioactive_releas": 0.8070526315789474,
            "index_dump": 1.1010526315789475
        },
        "ПАЕС": {
            "year": 2021.5,
            "quarter": 2.5,
            "irg": 37.1875,
            "irg_index": 0.083125,
            "iodine_radionuclides": 84.15625,
            "iodine_radionuclides_index": 0.009000000000000001,
            "stable_radionuclides": 197.96875,
            "stable_radionuclides_index": 0.025,
            "cs_137_emission": 55.09375,
            "co_60_emission": 257.3125,
            "cs_137_dump": 1681.34375,
            "volume": 22098.4375,
            "index_radioactive_releas": 2.3546875,
            "index_dump": 1.62375
        },
        "РАЕС": {
            "year": 2021.5,
            "quarter": 2.5,
            "irg": 123.75,
            "irg_index": 0.2,
            "iodine_radionuclides": 60.3125,
            "iodine_radionuclides_index": 0.009000000000000001,
            "stable_radionuclides": 258.28125,
            "stable_radionuclides_index": 0.065,
            "cs_137_emission": 353.5,
            "co_60_emission": 608.84375,
            "cs_137_dump": 8740.6875,
            "volume": 3140390.3125,
            "index_radioactive_releas": 0.6428125,
            "index_dump": 0.3858125
        },
        "ХАЕС": {
            "year": 2021.5,
            "quarter": 2.5,
            "irg": 31.884375,
            "irg_index": 0.0728125,
            "iodine_radionuclides": 36.303125,
            "iodine_radionuclides_index": 0.009000000000000001,
            "stable_radionuclides": 33.615625,
            "stable_radionuclides_index": 0.009000000000000001,
            "cs_137_emission": 49.8375,
            "co_60_emission": 35.66875,
            "cs_137_dump": 886.03125,
            "volume": 33673.46875,
            "index_radioactive_releas": 0.2778125,
            "index_dump": 0.0906875
        }
    },
    "correlations": {
        "year": {
            "year": 1.0,
            "quarter": -0.0,
            "irg": -0.0,
            "irg_index": 0.07,
            "iodine_radionuclides": -0.28,
            "iodine_radionuclides_index": NaN,
            "stable_radionuclides": -0.28,
            "stable_radionuclides_index": -0.02,
            "cs_137_emission": -0.15,
            "co_60_emission": -0.18,
            "cs_137_dump": -0.21,
            "volume": 0.01,
            "index_radioactive_releas": 0.4,
            "index_dump": 0.04
        },
        "quarter": {
            "year": -0.0,
            "quarter": 1.0,
            "irg": 0.01,
            "irg_index": 0.02,
            "iodine_radionuclides": -0.06,
            "iodine_radionuclides_index": NaN,
            "stable_radionuclides": 0.05,
            "stable_radionuclides_index": 0.02,
            "cs_137_emission": -0.19,
            "co_60_emission": -0.12,
            "cs_137_dump": 0.06,
            "volume": 0.03,
            "index_radioactive_releas": 0.06,
            "index_dump": 0.42
        },
        "irg": {
            "year": -0.0,
            "quarter": 0.01,
            "irg": 1.0,
            "irg_index": 0.98,
            "iodine_radionuclides": 0.14,
            "iodine_radionuclides_index": NaN,
            "stable_radionuclides": 0.44,
            "stable_radionuclides_index": 0.82,
            "cs_137_emission": 0.44,
            "co_60_emission": 0.41,